INSERT INTO `brand` (`id`, `name`) VALUES
(1, 'Nike'),
(2, 'Adidas'),
(3, 'Puma'),
(4, 'Reebok'),
(5, 'Under Armour'),
(6, 'New Balance'),
(7, 'Converse'),
(8, 'Vans'),
(9, 'Fila'),
(10, 'Asics'),
(11, 'Jordan'),
(12, 'Levi\'s'),
(13, 'Tommy Hilfiger'),
(14, 'Calvin Klein'),
(15, 'Ralph Lauren'),
(16, 'Hugo Boss'),
(17, 'Diesel'),
(18, 'Gucci'),
(19, 'Prada'),
(20, 'Louis Vuitton'),
(21, 'Chanel'),
(22, 'Hermès'),
(23, 'Dior'),
(24, 'Balenciaga'),
(25, 'Yves Saint Laurent'),
(26, 'Celine'),
(27, 'Burberry'),
(28, 'Zara'),
(29, 'H&M'),
(30, 'Uniqlo'),
(31, 'Mango'),
(32, 'Stradivarius'),
(33, 'Bershka'),
(34, 'Pull&Bear'),
(35, 'Massimo Dutti'),
(36, 'Carhartt Wip'),
(37, 'Patagonia'),
(38, 'North Face'),
(39, 'Columbia'),
(40, 'Jack Wolfskin'),
(41, 'Barbour'),
(42, 'Montbell'),
(43, 'Mammut'),
(44, 'Salomon'),
(45, 'Columbia Sportswear'),
(46, 'Etnies'),
(47, 'Element');

INSERT INTO `category` (`id`, `main_category_id`, `name`, `slug`, `description`) VALUES
(1, 1, 'T-shirt', 't-shirt', ''),
(2, 1, 'Jeans', 'jeans', ''),
(3, 1, 'Jupe', 'jupe', ''),
(4, 1, 'Pantalon', 'pantalon', ''),
(5, 1, 'Chemise', 'chemise', ''),
(6, 1, 'Veste', 'veste', ''),
(7, 1, 'Pull', 'pull', ''),
(8, 1, 'Manteau', 'manteau', ''),
(9, 1, 'Robe', 'robe', ''),
(10, 1, 'Short', 'short', ''),
(11, 1, 'Blouson', 'blouson', ''),
(12, 1, 'Tunique', 'tunique', ''),
(13, 1, 'Soutien-gorge', 'soutien-gorge', ''),
(14, 3, 'Chapeau', 'chapeau', ''),
(15, 3, 'Cravate', 'cravate', ''),
(16, 1, 'Gilet', 'gilet', ''),
(17, 1, 'Parka', 'parka', ''),
(18, 1, 'Blazer', 'blazer', ''),
(19, 1, 'Cardigan', 'cardigan', ''),
(20, 1, 'Legging', 'legging', ''),
(21, 2, 'Baskets', 'baskets', ''),
(22, 2, 'Mocassins', 'mocassins', ''),
(23, 2, 'Sandales', 'sandales', ''),
(24, 2, 'Escarpins', 'escarpins', ''),
(25, 2, 'Bottines', 'bottines', ''),
(26, 2, 'Boots', 'boots', ''),
(27, 2, 'Chaussures de sport', 'chaussures-de-sport', ''),
(28, 2, 'Tongs', 'tongs', ''),
(29, 2, 'Derbies', 'derbies', ''),
(30, 2, 'Chaussettes', 'chaussettes', ''),
(31, 3, 'Sac à main', 'sac-a-main', ''),
(32, 3, 'Ceinture', 'ceinture', ''),
(33, 3, 'Lunettes de soleil', 'lunettes-de-soleil', ''),
(34, 3, 'Montre', 'montre', ''),
(35, 3, 'Écharpe', 'echarpe', ''),
(36, 3, 'Portefeuille', 'portefeuille', ''),
(37, 3, 'Gants', 'gants', ''),
(38, 3, 'Chapeau de paille', 'chapeau-de-paille', ''),
(39, 3, 'Foulard', 'foulard', ''),
(40, 3, 'Sac à dos', 'sac-a-dos', ''),
(41, 1, 'Bermuda', '', ''),
(42, 1, 'Combinaison', '', ''),
(43, 1, 'Salopette', '', ''),
(44, 1, 'Gilet', '', ''),
(45, 1, 'Poncho', '', ''),
(46, 1, 'Robe de soirée', '', ''),
(47, 1, 'Kimono', '', ''),
(49, 1, 'Peignoir', '', ''),
(50, 1, 'Veste de costume', '', ''),
(51, 1, 'Parka', '', ''),
(52, 1, 'Blazer', '', ''),
(53, 1, 'Teddy', '', ''),
(54, 1, 'Blouson en cuir', '', ''),
(55, 1, 'Short de bain', '', ''),
(56, 1, 'Sweat à capuche', '', ''),
(57, 1, 'Pantalon de yoga', '', ''),
(59, 3, 'Masque', 'masque', ''),
(60, 2, 'Bottes', 'bottes', '');

INSERT INTO `color` (`id`, `name`) VALUES
(1, 'Rouge'),
(2, 'Bleu'),
(3, 'Vert'),
(4, 'Jaune'),
(5, 'Orange'),
(6, 'Violet'),
(7, 'Rose'),
(8, 'Gris'),
(9, 'Noir'),
(10, 'Blanc'),
(11, 'Marron'),
(12, 'Beige'),
(13, 'Turquoise'),
(14, 'Indigo'),
(15, 'Aubergine'),
(16, 'Lavande'),
(17, 'Cyan'),
(18, 'Pêche'),
(19, 'Fuchsia'),
(20, 'Bordeaux'),
(21, 'Sable'),
(22, 'Olive'),
(23, 'Menthe'),
(24, 'Or'),
(25, 'Argent'),
(26, 'Cuivre'),
(27, 'Prune'),
(28, 'Charcoal'),
(29, 'Pistache'),
(30, 'Corail');

INSERT INTO `doctrine_migration_versions` (`version`, `executed_at`, `execution_time`) VALUES
('DoctrineMigrations\\Version20250124122643', '2025-01-24 12:30:00', 441),
('DoctrineMigrations\\Version20250125170541', '2025-01-25 19:14:15', 15),
('DoctrineMigrations\\Version20250125170806', '2025-01-25 19:14:15', 13),
('DoctrineMigrations\\Version20250125170922', '2025-01-25 19:14:15', 77),
('DoctrineMigrations\\Version20250125173358', '2025-01-25 19:14:15', 11);

INSERT INTO `gender_category` (`id`, `name`) VALUES
(1, 'Femme'),
(2, 'Homme'),
(3, 'Non genré'),
(4, 'Enfant');

INSERT INTO `main_category` (`id`, `name`, `slug`) VALUES
(1, 'Vêtements', 'vetements'),
(2, 'Chaussures', 'chaussures'),
(3, 'Accessoires', 'accessoires'),
(4, 'Tout', 'tout');

INSERT INTO `product` (`id`, `user_id`, `category_id`, `brand_id`, `color_id`, `size_id`, `gender_category_id`, `cart_id`, `name`, `description`, `price`, `created_at`, `images`, `stock`, `discount`, `sold`, `wear`, `main_image`) VALUES
(1, 1, 59, NULL, 9, 1, 3, NULL, 'Batcat', 'Un masque pour votre chat préféré', 21, '2025-01-24 13:23:53', '[]', 1, NULL, 0, 'Neuf', '67939469b5b40.jpg'),
(2, 1, 9, 46, 10, 4, 1, NULL, 'Robe de présidente', 'Parée pour les élections ?', 124.5, '2025-01-24 13:25:10', '[\"679394b53382b.jpg\",\"679394b61d85d.jpg\",\"679394b6939cc.jpg\"]', 1, NULL, 0, 'Neuf avec étiquette', '679394b52f44e.jpg'),
(3, 1, 1, NULL, 10, 4, 2, NULL, 'T-shirt blanc', 'Passe-partout, toutes saisons.', 4, '2025-01-24 13:29:01', '[\"6793959d8c371.jpg\",\"6793959d91b7c.jpg\"]', 1, NULL, 0, 'Neuf', '6793959cd54a8.jpg'),
(4, 1, 5, 18, 22, 3, 1, NULL, 'Chemise à motifs', 'Jolies fleurs', 4, '2025-01-24 13:30:08', '[\"679395dfeae11.jpg\",\"679395e0d1dd4.jpg\"]', 1, NULL, 0, 'Bon état', '679395dfe3ad5.jpg'),
(5, 1, 14, NULL, 9, 1, 3, NULL, 'Chapeau noir', 'Parfait pour les magiciens', 48, '2025-01-24 13:34:01', '[]', 1, NULL, 0, 'Neuf', '679396c97e617.jpg'),
(6, 1, 6, NULL, 10, 5, 3, NULL, 'Blouse de science', 'La chimie n\'attend plus que vous', 35, '2025-01-24 13:35:16', '[]', 1, NULL, 0, 'Satisfaisant', '679397144316f.jpg'),
(7, 1, 42, 39, 9, 4, 3, NULL, 'Youhou ?', 'Tenue de soirée idéale pour aller travailler', 47, '2025-01-24 13:37:31', '[]', 1, NULL, 0, 'Bon état', '6793979ba3ccd.jpg'),
(8, 1, 56, 41, 4, 4, 3, NULL, 'Hoody wood Pepper', 'Pour homme comme pour femme. Peu porté', 44, '2025-01-24 13:39:09', '[\"679397fd2d161.jpg\",\"679397fd347f0.jpg\",\"679397fddd9cd.jpg\"]', 1, NULL, 0, 'Neuf', '679397fbd2674.jpg'),
(9, 1, 59, NULL, 12, 1, 3, NULL, 'Masque d\'Alien', 'Masque qui fait peur. Comme neuf', 124, '2025-01-24 13:40:55', '[]', 1, NULL, 0, 'Neuf', '67939867126cf.jpg'),
(10, 1, 16, 14, 9, 5, 1, NULL, 'Grand gilet noir', 'Très grand mais élégant', 25, '2025-01-24 13:42:08', '[\"679398b0a9fc9.jpg\"]', 1, NULL, 0, 'Neuf', '679398afd54d0.jpg'),
(11, 1, 21, 1, 1, 33, 2, NULL, 'Nike air rouges', 'Rouge sang, la couleur de vos pieds', 23, '2025-01-24 13:43:07', '[]', 1, NULL, 0, 'Neuf avec étiquette', '679398eb74605.jpg'),
(12, 1, 60, 44, 11, 29, 1, NULL, 'Bottes d\'hiver', 'Parfaites pour marcher par terre', 56, '2025-01-24 13:45:09', '[]', 1, NULL, 0, 'Neuf avec étiquette', '6793996553d96.jpg'),
(13, 1, 24, 18, 25, 26, 1, NULL, 'jamais portées', 'Du luxe et de la douleur pour vos pieds', 78, '2025-01-24 13:46:47', '[]', 1, NULL, 0, 'Neuf', '679399c740c60.jpg'),
(14, 1, 25, NULL, 11, 32, 2, NULL, 'Chaussures à caillou', 'Très confortables et chaudes', 56, '2025-01-24 13:48:11', '[]', 1, NULL, 0, 'Bon état', '67939a09c6768.jpg'),
(15, 1, 6, 42, 10, 5, 3, NULL, 'Veste à tomber', 'Idéale pour un entretien d\'embauche. Neuve jamais portée. (J\'ai déjà un travail)', 465, '2025-01-24 13:53:56', '[\"67939b72ecc60.jpg\",\"67939b73c5e21.jpg\",\"67939b73deba1.jpg\",\"67939b748ccba.jpg\"]', 1, NULL, 0, 'Neuf avec étiquette', '67939b724d428.jpg'),
(16, 1, 42, NULL, 24, 6, 2, NULL, 'Armure des enfers', 'Gare à toi', 2650, '2025-01-24 13:56:02', '[]', 1, NULL, 0, 'Neuf avec étiquette', '67939bf275f68.jpg'),
(17, 1, 21, 20, 9, 34, 2, NULL, 'Noires et oranges', 'Avec ça tu marcheras partout', 46, '2025-01-24 13:57:35', '[\"67939c4e5eeb4.jpg\",\"67939c4ea6a98.jpg\",\"67939c4f4e882.jpg\"]', 1, NULL, 0, 'Neuf', '67939c4d8ddfd.jpg'),
(18, 1, 31, 19, 25, 1, 1, NULL, 'Sac à main très joli', 'J\'y ai juste rangé mon gun. Sinon il est tout neuf.', 456, '2025-01-24 13:58:41', '[]', 1, NULL, 0, 'Neuf', '67939c917771d.jpg'),
(19, 1, 25, NULL, 12, 33, 2, NULL, 'Chaussures 42', 'on y est bien', 55, '2025-01-24 14:01:44', '[]', 1, NULL, 0, 'Neuf', '67939d4801093.jpg'),
(20, 1, 9, 17, 1, 3, 1, NULL, 'Robe anti-froid', 'De quoi rendre jaloux le petit chaperon.', 35, '2025-01-28 10:40:54', '[\"67939d89ab691.jpg\",\"67939d8b03904.jpg\",\"67939d8be04fe.jpg\",\"67939d8c888ca.jpg\",\"67939d8c8cd3d.jpg\",\"67939d8d600e2.jpg\"]', 1, NULL, 0, 'Neuf avec étiquette', '67939d8902672.jpg'),
(21, 1, 2, 7, 2, 3, 1, NULL, 'Jeans bleu', 'Parfait pour marcher', 44, '2025-01-24 14:04:33', '[\"67939df027cfc.jpg\",\"67939df104831.jpg\",\"67939df1e8db4.jpg\"]', 1, NULL, 0, 'Neuf avec étiquette', '67939def42df2.jpg'),
(22, 1, 9, 23, 10, 5, 2, NULL, 'Robe de mari', 'Ma robe de marié.', 150, '2025-01-26 00:43:49', '[]', 1, NULL, 0, 'Neuf avec étiquette', '67939e2aaf267.jpg'),
(23, 1, 2, 46, 2, 3, 1, NULL, 'Jeans troué', 'Pour femme uniquement. Comme neuf.', 45, '2025-01-24 14:06:42', '[\"67939e7277a5a.jpg\"]', 1, NULL, 0, 'Neuf avec étiquette', '67939e7188ae1.jpg'),
(24, 1, 21, 2, 10, 27, 1, NULL, 'Super baskets', 'Adidas pour femme', 26, '2025-01-24 14:07:41', '[]', 1, NULL, 0, 'Neuf avec étiquette', '67939ead002bc.jpg');

INSERT INTO `size` (`id`, `name`) VALUES
(1, 'Taille unique'),
(2, 'XS / 32/34'),
(3, 'S / 36 /38'),
(4, 'M / 40/42'),
(5, 'L / 44/46'),
(6, 'XL / 48/50'),
(7, '2XL'),
(8, '3XL'),
(9, '4XL'),
(10, '5XL'),
(11, '6XL'),
(12, '7XL'),
(13, '8XL'),
(14, '24'),
(15, '25'),
(16, '26'),
(17, '27'),
(18, '28'),
(19, '29'),
(20, '30'),
(21, '31'),
(22, '32'),
(23, '33'),
(24, '34'),
(25, '35'),
(26, '36'),
(27, '37'),
(28, '38'),
(29, '39'),
(30, '40'),
(31, '41'),
(32, '42'),
(33, '43'),
(34, '44'),
(35, '45'),
(36, '46'),
(37, '47'),
(38, '48'),
(39, '49'),
(40, '50');
